/*
Navicat MySQL Data Transfer

Source Server         : localhost
Source Server Version : 80011
Source Host           : localhost:3306
Source Database       : myspringboot

Target Server Type    : MYSQL
Target Server Version : 80011
File Encoding         : 65001

Date: 2019-01-15 16:32:21
*/

SET FOREIGN_KEY_CHECKS=0;

-- ----------------------------
-- Table structure for sys_menu
-- ----------------------------
DROP TABLE IF EXISTS `sys_menu`;
CREATE TABLE `sys_menu` (
  `menu_id` int(11) NOT NULL AUTO_INCREMENT COMMENT '菜单ID',
  `menu_name` varchar(50) NOT NULL COMMENT '菜单名称',
  `parent_id` int(11) DEFAULT '0' COMMENT '父菜单ID',
  `order_num` int(4) DEFAULT NULL COMMENT '显示顺序',
  `url` varchar(200) DEFAULT '' COMMENT '请求地址',
  `menu_type` char(1) DEFAULT '' COMMENT '菜单类型（M目录 C菜单 F按钮）',
  `visible` char(1) DEFAULT '0' COMMENT '菜单状态（0显示 1隐藏）',
  `perms` varchar(100) DEFAULT '' COMMENT '权限标识',
  `icon` varchar(100) DEFAULT '' COMMENT '菜单图标',
  `create_by` varchar(64) DEFAULT '' COMMENT '创建者',
  `create_time` datetime DEFAULT NULL COMMENT '创建时间',
  `update_by` varchar(64) DEFAULT '' COMMENT '更新者',
  `update_time` datetime DEFAULT NULL COMMENT '更新时间',
  `remark` varchar(500) DEFAULT '' COMMENT '备注',
  PRIMARY KEY (`menu_id`)
) ENGINE=InnoDB AUTO_INCREMENT=2000 DEFAULT CHARSET=utf8 COMMENT='菜单权限表';

-- ----------------------------
-- Records of sys_menu
-- ----------------------------
INSERT INTO `sys_menu` VALUES ('1', '系统管理', '0', '1', '#', 'M', '0', '', 'fa fa-gear', 'admin', '2018-03-16 11:33:00', 'ry', '2018-03-16 11:33:00', '系统管理目录');
INSERT INTO `sys_menu` VALUES ('2', '系统监控', '0', '2', '#', 'M', '0', '', 'fa fa-video-camera', 'admin', '2018-03-16 11:33:00', 'ry', '2018-03-16 11:33:00', '系统监控目录');
INSERT INTO `sys_menu` VALUES ('3', '系统工具', '0', '3', '#', 'M', '0', '', 'fa fa-bars', 'admin', '2018-03-16 11:33:00', 'ry', '2018-03-16 11:33:00', '系统工具目录');
INSERT INTO `sys_menu` VALUES ('100', '用户管理', '1', '1', '/system/user', 'C', '0', 'system:user:view', '#', 'admin', '2018-03-16 11:33:00', 'ry', '2018-03-16 11:33:00', '用户管理菜单');
INSERT INTO `sys_menu` VALUES ('101', '角色管理', '1', '2', '/system/role', 'C', '0', 'system:role:view', '#', 'admin', '2018-03-16 11:33:00', 'ry', '2018-03-16 11:33:00', '角色管理菜单');
INSERT INTO `sys_menu` VALUES ('102', '菜单管理', '1', '3', '/system/menu', 'C', '0', 'system:menu:view', '#', 'admin', '2018-03-16 11:33:00', 'ry', '2018-03-16 11:33:00', '菜单管理菜单');
INSERT INTO `sys_menu` VALUES ('103', '部门管理', '1', '4', '/system/dept', 'C', '0', 'system:dept:view', '#', 'admin', '2018-03-16 11:33:00', 'ry', '2018-03-16 11:33:00', '部门管理菜单');
INSERT INTO `sys_menu` VALUES ('104', '岗位管理', '1', '5', '/system/post', 'C', '0', 'system:post:view', '#', 'admin', '2018-03-16 11:33:00', 'ry', '2018-03-16 11:33:00', '岗位管理菜单');
INSERT INTO `sys_menu` VALUES ('105', '字典管理', '1', '6', '/system/dict', 'C', '0', 'system:dict:view', '#', 'admin', '2018-03-16 11:33:00', 'ry', '2018-03-16 11:33:00', '字典管理菜单');
INSERT INTO `sys_menu` VALUES ('106', '参数设置', '1', '7', '/system/config', 'C', '0', 'system:config:view', '#', 'admin', '2018-03-16 11:33:00', 'ry', '2018-03-16 11:33:00', '参数设置菜单');
INSERT INTO `sys_menu` VALUES ('107', '通知公告', '1', '8', '/system/notice', 'C', '0', 'system:notice:view', '#', 'admin', '2018-03-16 11:33:00', 'ry', '2018-03-16 11:33:00', '通知公告菜单');
INSERT INTO `sys_menu` VALUES ('108', '日志管理', '1', '9', '#', 'M', '0', '', '#', 'admin', '2018-03-16 11:33:00', 'ry', '2018-03-16 11:33:00', '日志管理菜单');
INSERT INTO `sys_menu` VALUES ('109', '在线用户', '2', '1', '/monitor/online', 'C', '0', 'monitor:online:view', '#', 'admin', '2018-03-16 11:33:00', 'ry', '2018-03-16 11:33:00', '在线用户菜单');
INSERT INTO `sys_menu` VALUES ('110', '定时任务', '2', '2', '/monitor/job', 'C', '0', 'monitor:job:view', '#', 'admin', '2018-03-16 11:33:00', 'ry', '2018-03-16 11:33:00', '定时任务菜单');
INSERT INTO `sys_menu` VALUES ('111', '数据监控', '2', '3', '/monitor/data', 'C', '0', 'monitor:data:view', '#', 'admin', '2018-03-16 11:33:00', 'ry', '2018-03-16 11:33:00', '数据监控菜单');
INSERT INTO `sys_menu` VALUES ('112', '表单构建', '3', '1', '/tool/build', 'C', '0', 'tool:build:view', '#', 'admin', '2018-03-16 11:33:00', 'ry', '2018-03-16 11:33:00', '表单构建菜单');
INSERT INTO `sys_menu` VALUES ('113', '代码生成', '3', '2', '/tool/gen', 'C', '0', 'tool:gen:view', '#', 'admin', '2018-03-16 11:33:00', 'ry', '2018-03-16 11:33:00', '代码生成菜单');
INSERT INTO `sys_menu` VALUES ('114', '系统接口', '3', '3', '/tool/swagger', 'C', '0', 'tool:swagger:view', '#', 'admin', '2018-03-16 11:33:00', 'ry', '2018-03-16 11:33:00', '系统接口菜单');
INSERT INTO `sys_menu` VALUES ('500', '操作日志', '108', '1', '/monitor/operlog', 'C', '0', 'monitor:operlog:view', '#', 'admin', '2018-03-16 11:33:00', 'ry', '2018-03-16 11:33:00', '操作日志菜单');
INSERT INTO `sys_menu` VALUES ('501', '登录日志', '108', '2', '/monitor/logininfor', 'C', '0', 'monitor:logininfor:view', '#', 'admin', '2018-03-16 11:33:00', 'ry', '2018-03-16 11:33:00', '登录日志菜单');
INSERT INTO `sys_menu` VALUES ('1000', '用户查询', '100', '1', '#', 'F', '0', 'system:user:list', '#', 'admin', '2018-03-16 11:33:00', 'ry', '2018-03-16 11:33:00', '');
INSERT INTO `sys_menu` VALUES ('1001', '用户新增', '100', '2', '#', 'F', '0', 'system:user:add', '#', 'admin', '2018-03-16 11:33:00', 'ry', '2018-03-16 11:33:00', '');
INSERT INTO `sys_menu` VALUES ('1002', '用户修改', '100', '3', '#', 'F', '0', 'system:user:edit', '#', 'admin', '2018-03-16 11:33:00', 'ry', '2018-03-16 11:33:00', '');
INSERT INTO `sys_menu` VALUES ('1003', '用户删除', '100', '4', '#', 'F', '0', 'system:user:remove', '#', 'admin', '2018-03-16 11:33:00', 'ry', '2018-03-16 11:33:00', '');
INSERT INTO `sys_menu` VALUES ('1004', '重置密码', '100', '5', '#', 'F', '0', 'system:user:resetPwd', '#', 'admin', '2018-03-16 11:33:00', 'ry', '2018-03-16 11:33:00', '');
INSERT INTO `sys_menu` VALUES ('1005', '角色查询', '101', '1', '#', 'F', '0', 'system:role:list', '#', 'admin', '2018-03-16 11:33:00', 'ry', '2018-03-16 11:33:00', '');
INSERT INTO `sys_menu` VALUES ('1006', '角色新增', '101', '2', '#', 'F', '0', 'system:role:add', '#', 'admin', '2018-03-16 11:33:00', 'ry', '2018-03-16 11:33:00', '');
INSERT INTO `sys_menu` VALUES ('1007', '角色修改', '101', '3', '#', 'F', '0', 'system:role:edit', '#', 'admin', '2018-03-16 11:33:00', 'ry', '2018-03-16 11:33:00', '');
INSERT INTO `sys_menu` VALUES ('1008', '角色删除', '101', '4', '#', 'F', '0', 'system:role:remove', '#', 'admin', '2018-03-16 11:33:00', 'ry', '2018-03-16 11:33:00', '');
INSERT INTO `sys_menu` VALUES ('1009', '菜单查询', '102', '1', '#', 'F', '0', 'system:menu:list', '#', 'admin', '2018-03-16 11:33:00', 'ry', '2018-03-16 11:33:00', '');
INSERT INTO `sys_menu` VALUES ('1010', '菜单新增', '102', '2', '#', 'F', '0', 'system:menu:add', '#', 'admin', '2018-03-16 11:33:00', 'ry', '2018-03-16 11:33:00', '');
INSERT INTO `sys_menu` VALUES ('1011', '菜单修改', '102', '3', '#', 'F', '0', 'system:menu:edit', '#', 'admin', '2018-03-16 11:33:00', 'ry', '2018-03-16 11:33:00', '');
INSERT INTO `sys_menu` VALUES ('1012', '菜单删除', '102', '4', '#', 'F', '0', 'system:menu:remove', '#', 'admin', '2018-03-16 11:33:00', 'ry', '2018-03-16 11:33:00', '');
INSERT INTO `sys_menu` VALUES ('1013', '部门查询', '103', '1', '#', 'F', '0', 'system:dept:list', '#', 'admin', '2018-03-16 11:33:00', 'ry', '2018-03-16 11:33:00', '');
INSERT INTO `sys_menu` VALUES ('1014', '部门新增', '103', '2', '#', 'F', '0', 'system:dept:add', '#', 'admin', '2018-03-16 11:33:00', 'ry', '2018-03-16 11:33:00', '');
INSERT INTO `sys_menu` VALUES ('1015', '部门修改', '103', '3', '#', 'F', '0', 'system:dept:edit', '#', 'admin', '2018-03-16 11:33:00', 'ry', '2018-03-16 11:33:00', '');
INSERT INTO `sys_menu` VALUES ('1016', '部门删除', '103', '4', '#', 'F', '0', 'system:dept:remove', '#', 'admin', '2018-03-16 11:33:00', 'ry', '2018-03-16 11:33:00', '');
INSERT INTO `sys_menu` VALUES ('1017', '岗位查询', '104', '1', '#', 'F', '0', 'system:post:list', '#', 'admin', '2018-03-16 11:33:00', 'ry', '2018-03-16 11:33:00', '');
INSERT INTO `sys_menu` VALUES ('1018', '岗位新增', '104', '2', '#', 'F', '0', 'system:post:add', '#', 'admin', '2018-03-16 11:33:00', 'ry', '2018-03-16 11:33:00', '');
INSERT INTO `sys_menu` VALUES ('1019', '岗位修改', '104', '3', '#', 'F', '0', 'system:post:edit', '#', 'admin', '2018-03-16 11:33:00', 'ry', '2018-03-16 11:33:00', '');
INSERT INTO `sys_menu` VALUES ('1020', '岗位删除', '104', '4', '#', 'F', '0', 'system:post:remove', '#', 'admin', '2018-03-16 11:33:00', 'ry', '2018-03-16 11:33:00', '');
INSERT INTO `sys_menu` VALUES ('1021', '字典查询', '105', '1', '#', 'F', '0', 'system:dict:list', '#', 'admin', '2018-03-16 11:33:00', 'ry', '2018-03-16 11:33:00', '');
INSERT INTO `sys_menu` VALUES ('1022', '字典新增', '105', '2', '#', 'F', '0', 'system:dict:add', '#', 'admin', '2018-03-16 11:33:00', 'ry', '2018-03-16 11:33:00', '');
INSERT INTO `sys_menu` VALUES ('1023', '字典修改', '105', '3', '#', 'F', '0', 'system:dict:edit', '#', 'admin', '2018-03-16 11:33:00', 'ry', '2018-03-16 11:33:00', '');
INSERT INTO `sys_menu` VALUES ('1024', '字典删除', '105', '4', '#', 'F', '0', 'system:dict:remove', '#', 'admin', '2018-03-16 11:33:00', 'ry', '2018-03-16 11:33:00', '');
INSERT INTO `sys_menu` VALUES ('1025', '参数查询', '106', '1', '#', 'F', '0', 'system:config:list', '#', 'admin', '2018-03-16 11:33:00', 'ry', '2018-03-16 11:33:00', '');
INSERT INTO `sys_menu` VALUES ('1026', '参数新增', '106', '2', '#', 'F', '0', 'system:config:add', '#', 'admin', '2018-03-16 11:33:00', 'ry', '2018-03-16 11:33:00', '');
INSERT INTO `sys_menu` VALUES ('1027', '参数修改', '106', '3', '#', 'F', '0', 'system:config:edit', '#', 'admin', '2018-03-16 11:33:00', 'ry', '2018-03-16 11:33:00', '');
INSERT INTO `sys_menu` VALUES ('1028', '参数删除', '106', '4', '#', 'F', '0', 'system:config:remove', '#', 'admin', '2018-03-16 11:33:00', 'ry', '2018-03-16 11:33:00', '');
INSERT INTO `sys_menu` VALUES ('1029', '公告查询', '107', '1', '#', 'F', '0', 'system:notice:list', '#', 'admin', '2018-03-16 11:33:00', 'ry', '2018-03-16 11:33:00', '');
INSERT INTO `sys_menu` VALUES ('1030', '公告新增', '107', '2', '#', 'F', '0', 'system:notice:add', '#', 'admin', '2018-03-16 11:33:00', 'ry', '2018-03-16 11:33:00', '');
INSERT INTO `sys_menu` VALUES ('1031', '公告修改', '107', '3', '#', 'F', '0', 'system:notice:edit', '#', 'admin', '2018-03-16 11:33:00', 'ry', '2018-03-16 11:33:00', '');
INSERT INTO `sys_menu` VALUES ('1032', '公告删除', '107', '4', '#', 'F', '0', 'system:notice:remove', '#', 'admin', '2018-03-16 11:33:00', 'ry', '2018-03-16 11:33:00', '');
INSERT INTO `sys_menu` VALUES ('1033', '操作查询', '500', '1', '#', 'F', '0', 'monitor:operlog:list', '#', 'admin', '2018-03-16 11:33:00', 'ry', '2018-03-16 11:33:00', '');
INSERT INTO `sys_menu` VALUES ('1034', '操作删除', '500', '2', '#', 'F', '0', 'monitor:operlog:remove', '#', 'admin', '2018-03-16 11:33:00', 'ry', '2018-03-16 11:33:00', '');
INSERT INTO `sys_menu` VALUES ('1035', '详细信息', '500', '3', '#', 'F', '0', 'monitor:operlog:detail', '#', 'admin', '2018-03-16 11:33:00', 'ry', '2018-03-16 11:33:00', '');
INSERT INTO `sys_menu` VALUES ('1036', '登录查询', '501', '1', '#', 'F', '0', 'monitor:logininfor:list', '#', 'admin', '2018-03-16 11:33:00', 'ry', '2018-03-16 11:33:00', '');
INSERT INTO `sys_menu` VALUES ('1037', '登录删除', '501', '2', '#', 'F', '0', 'monitor:logininfor:remove', '#', 'admin', '2018-03-16 11:33:00', 'ry', '2018-03-16 11:33:00', '');
INSERT INTO `sys_menu` VALUES ('1038', '在线查询', '109', '1', '#', 'F', '0', 'monitor:online:list', '#', 'admin', '2018-03-16 11:33:00', 'ry', '2018-03-16 11:33:00', '');
INSERT INTO `sys_menu` VALUES ('1039', '批量强退', '109', '2', '#', 'F', '0', 'monitor:online:batchForceLogout', '#', 'admin', '2018-03-16 11:33:00', 'ry', '2018-03-16 11:33:00', '');
INSERT INTO `sys_menu` VALUES ('1040', '单条强退', '109', '3', '#', 'F', '0', 'monitor:online:forceLogout', '#', 'admin', '2018-03-16 11:33:00', 'ry', '2018-03-16 11:33:00', '');
INSERT INTO `sys_menu` VALUES ('1041', '任务查询', '110', '1', '#', 'F', '0', 'monitor:job:list', '#', 'admin', '2018-03-16 11:33:00', 'ry', '2018-03-16 11:33:00', '');
INSERT INTO `sys_menu` VALUES ('1042', '任务新增', '110', '2', '#', 'F', '0', 'monitor:job:add', '#', 'admin', '2018-03-16 11:33:00', 'ry', '2018-03-16 11:33:00', '');
INSERT INTO `sys_menu` VALUES ('1043', '任务修改', '110', '3', '#', 'F', '0', 'monitor:job:edit', '#', 'admin', '2018-03-16 11:33:00', 'ry', '2018-03-16 11:33:00', '');
INSERT INTO `sys_menu` VALUES ('1044', '任务删除', '110', '4', '#', 'F', '0', 'monitor:job:remove', '#', 'admin', '2018-03-16 11:33:00', 'ry', '2018-03-16 11:33:00', '');
INSERT INTO `sys_menu` VALUES ('1045', '状态修改', '110', '5', '#', 'F', '0', 'monitor:job:changeStatus', '#', 'admin', '2018-03-16 11:33:00', 'ry', '2018-03-16 11:33:00', '');
INSERT INTO `sys_menu` VALUES ('1046', '生成查询', '113', '1', '#', 'F', '0', 'tool:gen:list', '#', 'admin', '2018-03-16 11:33:00', 'ry', '2018-03-16 11:33:00', '');
INSERT INTO `sys_menu` VALUES ('1047', '生成代码', '113', '2', '#', 'F', '0', 'tool:gen:code', '#', 'admin', '2018-03-16 11:33:00', 'ry', '2018-03-16 11:33:00', '');

-- ----------------------------
-- Table structure for sys_role
-- ----------------------------
DROP TABLE IF EXISTS `sys_role`;
CREATE TABLE `sys_role` (
  `role_id` int(11) NOT NULL AUTO_INCREMENT COMMENT '角色ID',
  `role_name` varchar(30) NOT NULL COMMENT '角色名称',
  `role_key` varchar(100) NOT NULL COMMENT '角色权限字符串',
  `role_sort` int(4) NOT NULL COMMENT '显示顺序',
  `status` char(1) NOT NULL COMMENT '角色状态（0正常 1停用）',
  `create_by` varchar(64) DEFAULT '' COMMENT '创建者',
  `create_time` datetime DEFAULT NULL COMMENT '创建时间',
  `update_by` varchar(64) DEFAULT '' COMMENT '更新者',
  `update_time` datetime DEFAULT NULL COMMENT '更新时间',
  `remark` varchar(500) DEFAULT '' COMMENT '备注',
  PRIMARY KEY (`role_id`)
) ENGINE=InnoDB AUTO_INCREMENT=100 DEFAULT CHARSET=utf8 COMMENT='角色信息表';

-- ----------------------------
-- Records of sys_role
-- ----------------------------
INSERT INTO `sys_role` VALUES ('1', '管理员', 'admin', '1', '0', 'admin', '2018-03-16 11:33:00', 'ry', '2018-03-16 11:33:00', '管理员');
INSERT INTO `sys_role` VALUES ('2', '普通角色', 'common', '2', '0', 'admin', '2018-03-16 11:33:00', 'ry', '2018-03-16 11:33:00', '普通角色');

-- ----------------------------
-- Table structure for sys_role_menu
-- ----------------------------
DROP TABLE IF EXISTS `sys_role_menu`;
CREATE TABLE `sys_role_menu` (
  `role_id` int(11) NOT NULL COMMENT '角色ID',
  `menu_id` int(11) NOT NULL COMMENT '菜单ID',
  PRIMARY KEY (`role_id`,`menu_id`)
) ENGINE=InnoDB DEFAULT CHARSET=utf8 COMMENT='角色和菜单关联表';

-- ----------------------------
-- Records of sys_role_menu
-- ----------------------------
INSERT INTO `sys_role_menu` VALUES ('1', '1');
INSERT INTO `sys_role_menu` VALUES ('1', '2');
INSERT INTO `sys_role_menu` VALUES ('1', '3');
INSERT INTO `sys_role_menu` VALUES ('1', '100');
INSERT INTO `sys_role_menu` VALUES ('1', '101');
INSERT INTO `sys_role_menu` VALUES ('1', '102');
INSERT INTO `sys_role_menu` VALUES ('1', '103');
INSERT INTO `sys_role_menu` VALUES ('1', '104');
INSERT INTO `sys_role_menu` VALUES ('1', '105');
INSERT INTO `sys_role_menu` VALUES ('1', '106');
INSERT INTO `sys_role_menu` VALUES ('1', '107');
INSERT INTO `sys_role_menu` VALUES ('1', '108');
INSERT INTO `sys_role_menu` VALUES ('1', '109');
INSERT INTO `sys_role_menu` VALUES ('1', '110');
INSERT INTO `sys_role_menu` VALUES ('1', '111');
INSERT INTO `sys_role_menu` VALUES ('1', '112');
INSERT INTO `sys_role_menu` VALUES ('1', '113');
INSERT INTO `sys_role_menu` VALUES ('1', '114');
INSERT INTO `sys_role_menu` VALUES ('1', '500');
INSERT INTO `sys_role_menu` VALUES ('1', '501');
INSERT INTO `sys_role_menu` VALUES ('1', '1000');
INSERT INTO `sys_role_menu` VALUES ('1', '1001');
INSERT INTO `sys_role_menu` VALUES ('1', '1002');
INSERT INTO `sys_role_menu` VALUES ('1', '1003');
INSERT INTO `sys_role_menu` VALUES ('1', '1004');
INSERT INTO `sys_role_menu` VALUES ('1', '1005');
INSERT INTO `sys_role_menu` VALUES ('1', '1006');
INSERT INTO `sys_role_menu` VALUES ('1', '1007');
INSERT INTO `sys_role_menu` VALUES ('1', '1008');
INSERT INTO `sys_role_menu` VALUES ('1', '1009');
INSERT INTO `sys_role_menu` VALUES ('1', '1010');
INSERT INTO `sys_role_menu` VALUES ('1', '1011');
INSERT INTO `sys_role_menu` VALUES ('1', '1012');
INSERT INTO `sys_role_menu` VALUES ('1', '1013');
INSERT INTO `sys_role_menu` VALUES ('1', '1014');
INSERT INTO `sys_role_menu` VALUES ('1', '1015');
INSERT INTO `sys_role_menu` VALUES ('1', '1016');
INSERT INTO `sys_role_menu` VALUES ('1', '1017');
INSERT INTO `sys_role_menu` VALUES ('1', '1018');
INSERT INTO `sys_role_menu` VALUES ('1', '1019');
INSERT INTO `sys_role_menu` VALUES ('1', '1020');
INSERT INTO `sys_role_menu` VALUES ('1', '1021');
INSERT INTO `sys_role_menu` VALUES ('1', '1022');
INSERT INTO `sys_role_menu` VALUES ('1', '1023');
INSERT INTO `sys_role_menu` VALUES ('1', '1024');
INSERT INTO `sys_role_menu` VALUES ('1', '1025');
INSERT INTO `sys_role_menu` VALUES ('1', '1026');
INSERT INTO `sys_role_menu` VALUES ('1', '1027');
INSERT INTO `sys_role_menu` VALUES ('1', '1028');
INSERT INTO `sys_role_menu` VALUES ('1', '1029');
INSERT INTO `sys_role_menu` VALUES ('1', '1030');
INSERT INTO `sys_role_menu` VALUES ('1', '1031');
INSERT INTO `sys_role_menu` VALUES ('1', '1032');
INSERT INTO `sys_role_menu` VALUES ('1', '1033');
INSERT INTO `sys_role_menu` VALUES ('1', '1034');
INSERT INTO `sys_role_menu` VALUES ('1', '1035');
INSERT INTO `sys_role_menu` VALUES ('1', '1036');
INSERT INTO `sys_role_menu` VALUES ('1', '1037');
INSERT INTO `sys_role_menu` VALUES ('1', '1038');
INSERT INTO `sys_role_menu` VALUES ('1', '1039');
INSERT INTO `sys_role_menu` VALUES ('1', '1040');
INSERT INTO `sys_role_menu` VALUES ('1', '1041');
INSERT INTO `sys_role_menu` VALUES ('1', '1042');
INSERT INTO `sys_role_menu` VALUES ('1', '1043');
INSERT INTO `sys_role_menu` VALUES ('1', '1044');
INSERT INTO `sys_role_menu` VALUES ('1', '1045');
INSERT INTO `sys_role_menu` VALUES ('1', '1046');
INSERT INTO `sys_role_menu` VALUES ('1', '1047');

-- ----------------------------
-- Table structure for sys_user
-- ----------------------------
DROP TABLE IF EXISTS `sys_user`;
CREATE TABLE `sys_user` (
  `user_id` int(11) NOT NULL AUTO_INCREMENT COMMENT '用户ID',
  `dept_id` int(11) DEFAULT NULL COMMENT '部门ID',
  `login_name` varchar(30) NOT NULL COMMENT '登录账号',
  `user_name` varchar(30) NOT NULL COMMENT '用户昵称',
  `user_type` varchar(2) DEFAULT '00' COMMENT '用户类型（00系统用户）',
  `email` varchar(50) DEFAULT '' COMMENT '用户邮箱',
  `phonenumber` varchar(11) DEFAULT '' COMMENT '手机号码',
  `sex` char(1) DEFAULT '0' COMMENT '用户性别（0男 1女 2未知）',
  `avatar` varchar(100) DEFAULT '' COMMENT '头像路径',
  `password` varchar(50) DEFAULT '' COMMENT '密码',
  `salt` varchar(20) DEFAULT '' COMMENT '盐加密',
  `status` char(1) DEFAULT '0' COMMENT '帐号状态（0正常 1停用）',
  `del_flag` char(1) DEFAULT '0' COMMENT '删除标志（0代表存在 2代表删除）',
  `login_ip` varchar(20) DEFAULT '' COMMENT '最后登陆IP',
  `login_date` datetime DEFAULT NULL COMMENT '最后登陆时间',
  `create_by` varchar(64) DEFAULT '' COMMENT '创建者',
  `create_time` datetime DEFAULT NULL COMMENT '创建时间',
  `update_by` varchar(64) DEFAULT '' COMMENT '更新者',
  `update_time` datetime DEFAULT NULL COMMENT '更新时间',
  `remark` varchar(500) DEFAULT '' COMMENT '备注',
  PRIMARY KEY (`user_id`)
) ENGINE=InnoDB AUTO_INCREMENT=101 DEFAULT CHARSET=utf8 COMMENT='用户信息表';

-- ----------------------------
-- Records of sys_user
-- ----------------------------
INSERT INTO `sys_user` VALUES ('1', '106', 'admin', '若依', '00', 'ry@163.com', '15888888888', '1', 'abc39bbebf32309b0486f62d931e9ca2.jpg', '29c67a30398638269fe600f73a054934', '111111', '0', '0', '0:0:0:0:0:0:0:1', '2019-01-15 16:28:08', 'admin', '2018-03-16 11:33:00', 'ry', '2018-12-20 08:51:27', '管理员');
INSERT INTO `sys_user` VALUES ('2', '108', 'ry', '若依', '00', 'ry@qq.com', '15666666666', '1', '', '8e6d98b90472783cc73c17047ddccf36', '222222', '0', '0', '127.0.0.1', '2018-03-16 11:33:00', 'admin', '2018-03-16 11:33:00', 'ry', '2018-03-16 11:33:00', '测试员');
INSERT INTO `sys_user` VALUES ('100', '105', 'yunwei', '运维', '00', '1043023220@qq.com', '13356896924', '0', '', '4932d6f93f5c72853f3d298ab34e7f7e', '0a6b84', '0', '0', '', null, 'admin', '2018-07-30 16:55:36', '', null, '');

-- ----------------------------
-- Table structure for sys_user_role
-- ----------------------------
DROP TABLE IF EXISTS `sys_user_role`;
CREATE TABLE `sys_user_role` (
  `user_id` int(11) NOT NULL COMMENT '用户ID',
  `role_id` int(11) NOT NULL COMMENT '角色ID',
  PRIMARY KEY (`user_id`,`role_id`)
) ENGINE=InnoDB DEFAULT CHARSET=utf8 COMMENT='用户和角色关联表';

-- ----------------------------
-- Records of sys_user_role
-- ----------------------------
INSERT INTO `sys_user_role` VALUES ('1', '1');
INSERT INTO `sys_user_role` VALUES ('2', '2');
INSERT INTO `sys_user_role` VALUES ('100', '2');
